0;2,39;6;2,39
0,05;2,4;6;2,4
0,1;2,38;6;2,38
0,15;2,4;6;2,4
0,2;2,4;6;2,4
0,25;2,4;6;2,4
0,3;2,43;6;2,43
0,35;2,4;6;2,4
0,4;2,39;6;2,39
0,45;2,42;6;2,42
0,5;2,41;6;2,41
0,55;2,45;6;2,45
0,6;2,4;6;2,4
0,65;2,4;6;2,4
0,7;2,39;6;2,39
0,75;2,4;6;2,4
0,8;2,37;6;2,37
0,85;2,38;6;2,38
0,9;2,35;6;2,35
0,95;2,34;6;2,34
1;2,35;6;2,35
1,05;2,34;6;2,34
1,1;2,33;6;2,33
1,15;2,35;6;2,35
1,2;2,34;6;2,34
1,25;2,33;6;2,33
1,3;2,34;6;2,34
1,35;2,35;6;2,35
1,4;2,35;6;2,35
1,45;2,35;6;2,35
1,5;2,35;6;2,35
1,55;2,35;6;2,35
1,6;2,35;6;2,35
1,65;2,37;6;2,37
1,7;2,37;6;2,37
1,75;2,36;6;2,36
1,8;2,36;6;2,36
1,85;2,37;6;2,37
1,9;2,35;6;2,35
1,95;2,38;6;2,38
2;2,38;6;2,38
2,05;2,36;6;2,36
2,1;2,38;6;2,38
2,15;2,36;6;2,36
2,2;2,37;6;2,37
2,25;2,39;6;2,39
2,3;2,36;6;2,36
2,35;2,37;6;2,37
2,4;2,37;6;2,37
2,45;2,36;6;2,36
2,5;2,35;6;2,35
2,55;2,35;6;2,35
2,6;2,37;6;2,37
2,65;2,37;6;2,37
2,7;2,37;6;2,37
2,75;2,36;6;2,36
2,8;2,37;6;2,37
2,85;2,37;6;2,37
2,9;2,38;6;2,38
2,95;2,38;6;2,38
3;2,4;6;2,4
3,05;2,37;6;2,37
3,1;2,4;6;2,4
3,15;2,42;6;2,42
3,2;2,4;6;2,4
3,25;2,4;6;2,4
3,3;2,38;6;2,38
3,35;2,36;6;2,36
3,4;2,4;6;2,4
3,45;2,41;6;2,41
3,5;2,41;6;2,41
3,55;2,4;6;2,4
3,6;2,39;6;2,39
3,65;2,38;6;2,38
3,69999999999999;2,42;6;2,42
3,74999999999999;2,3;7;2,3
3,79999999999999;2,65;7;2,65
3,84999999999999;2,82;7;2,82
3,89999999999999;3,04;7;3,04
3,94999999999999;3,26;7;3,26
3,99999999999999;3,84;7;3,84
4,04999999999999;4,08;7;4,08
4,09999999999999;4,62;7;4,62
4,14999999999999;4,87;7;4,87
4,19999999999999;5,07;7;5,07
4,24999999999999;5,24;7;5,24
4,29999999999999;5,5;7;5,5
4,34999999999999;5,61;7;5,61
4,39999999999999;5,64;7;5,64
4,44999999999999;5,68;7;5,68
4,49999999999999;5,65;7;5,65
4,54999999999999;5,65;7;5,65
4,59999999999999;5,49;7;5,49
4,64999999999999;5,41;7;5,41
4,69999999999999;5,23;7;5,23
4,74999999999999;5,1;7;5,1
4,79999999999999;5,01;7;5,01
4,84999999999999;4,89;7;4,89
4,89999999999999;4,78;7;4,78
4,94999999999999;4,62;7;4,62
4,99999999999999;4,56;7;4,56
5,04999999999999;4,51;7;4,51
5,09999999999999;4,46;7;4,46
5,14999999999999;4,42;7;4,42
5,19999999999999;4,44;7;4,44
5,24999999999999;4,45;7;4,45
5,29999999999999;4,53;7;4,53
5,34999999999999;4,55;7;4,55
5,39999999999999;4,6;7;4,6
5,44999999999999;4,71;7;4,71
5,49999999999999;4,78;7;4,78
5,54999999999999;4,84;7;4,84
5,59999999999999;4,91;7;4,91
5,64999999999999;5,02;7;5,02
5,69999999999999;5,07;7;5,07
5,74999999999999;5,09;7;5,09
5,79999999999999;5,14;7;5,14
5,84999999999999;5,18;7;5,18
5,89999999999999;5,16;7;5,16
5,94999999999999;5,13;7;5,13
5,99999999999999;5,15;7;5,15
6,04999999999999;5,12;7;5,12
6,09999999999999;5,06;7;5,06
6,14999999999999;4,97;7;4,97
6,19999999999999;4,96;7;4,96
6,24999999999999;4,92;7;4,92
6,29999999999999;4,86;7;4,86
6,34999999999999;4,79;7;4,79
6,39999999999999;4,8;7;4,8
6,44999999999999;4,78;7;4,78
6,49999999999998;4,72;7;4,72
6,54999999999998;4,71;7;4,71
6,59999999999998;4,73;7;4,73
6,64999999999998;4,75;7;4,75
6,69999999999998;4,72;7;4,72
6,74999999999998;4,76;7;4,76
6,79999999999998;4,8;7;4,8
6,84999999999998;4,82;7;4,82
6,89999999999998;4,8;7;4,8
6,94999999999998;4,84;7;4,84
6,99999999999998;4,9;7;4,9
7,04999999999998;4,89;7;4,89
7,09999999999998;4,87;7;4,87
7,14999999999998;4,92;7;4,92
7,19999999999998;4,96;7;4,96
7,24999999999998;4,96;7;4,96
7,29999999999998;4,95;7;4,95
7,34999999999998;4,95;7;4,95
7,39999999999998;4,99;7;4,99
7,44999999999998;4,98;7;4,98
7,49999999999998;4,96;7;4,96
7,54999999999998;4,94;7;4,94
7,59999999999998;4,99;7;4,99
7,64999999999998;4,96;7;4,96
7,69999999999998;4,96;7;4,96
7,74999999999998;4,94;7;4,94
7,79999999999998;4,97;7;4,97
7,84999999999998;4,93;7;4,93
7,89999999999998;4,94;7;4,94
7,94999999999998;4,92;7;4,92
7,99999999999998;4,94;7;4,94
8,04999999999998;4,9;7;4,9
8,09999999999998;4,91;7;4,91
8,14999999999998;4,89;7;4,89
8,19999999999998;4,92;7;4,92
8,24999999999998;4,89;7;4,89
8,29999999999998;4,89;7;4,89
8,34999999999998;4,89;7;4,89
8,39999999999998;4,91;7;4,91
8,44999999999999;4,88;7;4,88
8,49999999999999;4,89;7;4,89
8,54999999999999;4,89;7;4,89
8,59999999999999;4,9;7;4,9
8,64999999999999;4,91;7;4,91
8,69999999999999;4,91;7;4,91
8,74999999999999;4,91;7;4,91
8,79999999999999;4,93;7;4,93
8,84999999999999;4,93;7;4,93
8,89999999999999;4,93;7;4,93
8,94999999999999;4,98;7;4,98
8,99999999999999;4,96;7;4,96
9,04999999999999;4,94;7;4,94
9,09999999999999;4,94;7;4,94
9,15;4,95;7;4,95
9,2;4,95;7;4,95
9,25;4,94;7;4,94
9,3;4,97;7;4,97
9,35;4,93;7;4,93
9,4;4,94;7;4,94
9,45;4,93;7;4,93
9,5;4,96;7;4,96
9,55;4,94;7;4,94
9,6;4,93;7;4,93
9,65;4,92;7;4,92
9,7;4,94;7;4,94
9,75;4,91;7;4,91
9,8;4,91;7;4,91
9,85000000000001;4,9;7;4,9
9,90000000000001;4,91;7;4,91
9,95000000000001;4,91;7;4,91
10;4,89;7;4,89
10,05;4,89;7;4,89
10,1;4,92;7;4,92
10,15;4,91;7;4,91
10,2;4,88;7;4,88
10,25;4,9;7;4,9
10,3;4,95;7;4,95
10,35;4,96;7;4,96
10,4;4,91;7;4,91
10,45;4,94;7;4,94
10,5;4,97;7;4,97
10,55;4,97;7;4,97
10,6;4,91;7;4,91
10,65;4,94;7;4,94
10,7;4,96;7;4,96
10,75;4,96;7;4,96
10,8;4,91;7;4,91
10,85;4,93;7;4,93
10,9;4,94;7;4,94
10,95;5,04;6;5,04
11;5,05;6;5,05
11,05;4,84;6;4,84
11,1;4,7;6;4,7
11,15;4,46;6;4,46
11,2;4,25;6;4,25
11,25;3,97;6;3,97
11,3;3,39;6;3,39
11,35;3,08;6;3,08
11,4;2,79;6;2,79
11,45;2,52;6;2,52
11,5;2,06;6;2,06
11,55;1,91;6;1,91
11,6;1,74;6;1,74
11,65;1,58;6;1,58
11,7;1,55;6;1,55
11,75;1,52;6;1,52
11,8;1,54;6;1,54
11,85;1,58;6;1,58
11,9;1,65;6;1,65
11,95;1,81;6;1,81
12;1,91;6;1,91
12,05;2,01;6;2,01
12,1;2,14;6;2,14
12,15;2,43;6;2,43
12,2;2,55;6;2,55
12,25;2,63;6;2,63
12,3;2,83;6;2,83
12,35;2,89;6;2,89
12,4;2,94;6;2,94
12,45;2,97;6;2,97
12,5;2,98;6;2,98
12,55;2,98;6;2,98
12,6;2,95;6;2,95
12,65;2,9;6;2,9
12,7;2,77;6;2,77
12,75;2,74;6;2,74
12,8;2,67;6;2,67
12,85;2,51;6;2,51
12,9;2,43;6;2,43
12,95;2,38;6;2,38
13;2,25;6;2,25
13,0500000000001;2,19;6;2,19
13,1000000000001;2,13;6;2,13
13,1500000000001;2,11;6;2,11
13,2000000000001;2,08;6;2,08
13,2500000000001;2,09;6;2,09
13,3000000000001;2,12;6;2,12
13,3500000000001;2,15;6;2,15
13,4000000000001;2,17;6;2,17
13,4500000000001;2,18;6;2,18
13,5000000000001;2,3;6;2,3
13,5500000000001;2,32;6;2,32
13,6000000000001;2,37;6;2,37
13,6500000000001;2,43;6;2,43
13,7000000000001;2,48;6;2,48
13,7500000000001;2,52;6;2,52
13,8000000000001;2,56;6;2,56
13,8500000000001;2,56;6;2,56
13,9000000000001;2,57;6;2,57
13,9500000000001;2,56;6;2,56
14,0000000000001;2,54;6;2,54
14,0500000000001;2,53;6;2,53
14,1000000000001;2,51;6;2,51
14,1500000000001;2,4;6;2,4
14,2000000000001;2,43;6;2,43
14,2500000000001;2,41;6;2,41
14,3000000000001;2,37;6;2,37
14,3500000000001;2,32;6;2,32
14,4000000000001;2,33;6;2,33
14,4500000000001;2,31;6;2,31
14,5000000000001;2,32;6;2,32
14,5500000000001;2,35;6;2,35
14,6000000000001;2,34;6;2,34
14,6500000000001;2,37;6;2,37
14,7000000000001;2,39;6;2,39
14,7500000000001;2,39;6;2,39
14,8000000000001;2,44;6;2,44
14,8500000000001;2,47;6;2,47
14,9000000000001;2,46;6;2,46
14,9500000000001;2,49;6;2,49
15,0000000000001;2,51;6;2,51
15,0500000000001;2,49;6;2,49
15,1000000000001;2,5;6;2,5
15,1500000000001;2,48;6;2,48
15,2000000000001;2,46;6;2,46
15,2500000000001;2,45;6;2,45
15,3000000000001;2,44;6;2,44
15,3500000000001;2,43;6;2,43
15,4000000000001;2,38;6;2,38
15,4500000000001;2,41;6;2,41
15,5000000000001;2,4;6;2,4
15,5500000000001;2,37;6;2,37
15,6000000000001;2,38;6;2,38
15,6500000000001;2,38;6;2,38
15,7000000000001;2,35;6;2,35
15,7500000000001;2,36;6;2,36
15,8000000000001;2,31;6;2,31
15,8500000000001;2,38;6;2,38
15,9000000000001;2,38;6;2,38
15,9500000000001;2,36;6;2,36
16,0000000000001;2,36;6;2,36
16,0500000000001;2,4;6;2,4
16,1000000000001;2,39;6;2,39
16,1500000000001;2,41;6;2,41
16,2000000000001;2,42;6;2,42
16,2500000000001;2,42;6;2,42
16,3000000000001;2,43;6;2,43
16,3500000000001;2,45;6;2,45
16,4000000000001;2,44;6;2,44
16,4500000000001;2,41;6;2,41
16,5000000000001;2,46;6;2,46
16,5500000000001;2,43;6;2,43
16,6000000000001;2,43;6;2,43
16,6500000000001;2,43;6;2,43
16,7000000000001;2,42;6;2,42
16,7500000000001;2,38;6;2,38
16,8000000000001;2,41;6;2,41
16,8500000000001;2,4;6;2,4
16,9000000000001;2,38;6;2,38
16,9500000000001;2,4;6;2,4
17,0000000000001;2,4;6;2,4
17,0500000000001;2,42;6;2,42
17,1000000000001;2,42;6;2,42
17,1500000000001;2,4;6;2,4
17,2000000000001;2,44;6;2,44
17,2500000000001;2,41;6;2,41
17,3000000000001;2,44;6;2,44
17,3500000000001;2,46;6;2,46
17,4000000000001;2,44;6;2,44
17,4500000000001;2,43;6;2,43
17,5000000000001;2,41;6;2,41
17,5500000000001;2,43;6;2,43
17,6000000000001;2,43;6;2,43
17,6500000000001;2,38;6;2,38
17,7000000000001;2,44;6;2,44
17,7500000000001;2,43;6;2,43
17,8000000000001;2,41;6;2,41
17,8500000000001;2,42;6;2,42
17,9000000000001;2,41;6;2,41
17,9500000000001;2,44;6;2,44
18,0000000000001;2,44;6;2,44
18,0500000000001;2,44;6;2,44
18,1000000000001;2,45;6;2,45
18,1500000000001;2,43;6;2,43
18,2000000000001;2,48;6;2,48
18,2500000000001;2,48;6;2,48
18,3000000000001;2,48;6;2,48
18,3500000000001;2,48;6;2,48
18,4000000000001;2,51;6;2,51
18,4500000000001;2,49;6;2,49
18,5000000000001;2,47;6;2,47
18,5500000000001;2,58;7;2,58
18,6000000000001;2,78;7;2,78
18,6500000000001;3,04;7;3,04
18,7000000000001;3,22;7;3,22
18,7500000000001;3,54;7;3,54
18,8000000000001;4,11;7;4,11
18,8500000000001;4,36;7;4,36
18,9000000000001;4,63;7;4,63
18,9500000000001;5,03;7;5,03
19,0000000000001;5,65;7;5,65
19,0500000000001;5,65;7;5,65
19,1000000000001;5,53;7;5,53
19,1500000000001;5,51;7;5,51
19,2000000000001;5,33;7;5,33
19,2500000000001;5,23;7;5,23
19,3000000000001;5,08;7;5,08
19,3500000000001;5,04;7;5,04
19,4000000000001;4,83;7;4,83
19,4500000000001;4,63;7;4,63
19,5000000000001;4,49;7;4,49
19,5500000000001;4,42;7;4,42
19,6000000000001;4,45;7;4,45
19,6500000000001;4,52;7;4,52
19,7000000000001;4,55;7;4,55
19,7500000000001;4,57;7;4,57
19,8000000000001;4,64;7;4,64
19,8500000000001;4,75;7;4,75
19,9000000000001;4,82;7;4,82
19,9500000000001;4,93;7;4,93
20,0000000000001;4,97;7;4,97
20,0500000000002;5,04;7;5,04
20,1000000000002;5,09;7;5,09
20,1500000000002;5,14;7;5,14
20,2000000000002;5,14;7;5,14
20,2500000000002;5,17;7;5,17
20,3000000000002;5,17;7;5,17
20,3500000000002;5,15;7;5,15
20,4000000000002;5,15;7;5,15
20,4500000000002;5,06;7;5,06
20,5000000000002;5,05;7;5,05
20,5500000000002;5,01;7;5,01
20,6000000000002;4,99;7;4,99
20,6500000000002;4,9;7;4,9
20,7000000000002;4,88;7;4,88
20,7500000000002;4,84;7;4,84
20,8000000000002;4,85;7;4,85
20,8500000000002;4,79;7;4,79
20,9000000000002;4,79;7;4,79
20,9500000000002;4,78;7;4,78
21,0000000000002;4,79;7;4,79
21,0500000000002;4,78;7;4,78
21,1000000000002;4,79;7;4,79
21,1500000000002;4,79;7;4,79
21,2000000000002;4,83;7;4,83
21,2500000000002;4,85;7;4,85
21,3000000000002;4,86;7;4,86
21,3500000000002;4,88;7;4,88
21,4000000000002;4,92;7;4,92
21,4500000000002;4,95;7;4,95
21,5000000000002;4,98;7;4,98
21,5500000000002;4,96;7;4,96
21,6000000000002;5,01;7;5,01
21,6500000000002;5,01;7;5,01
21,7000000000002;5,03;7;5,03
21,7500000000002;5,02;7;5,02
21,8000000000002;5,06;7;5,06
21,8500000000002;5,03;7;5,03
21,9000000000002;5,03;7;5,03
21,9500000000002;5,01;7;5,01
22,0000000000002;5,04;7;5,04
22,0500000000002;5,01;7;5,01
22,1000000000002;4,99;7;4,99
22,1500000000002;4,98;7;4,98
22,2000000000002;4,98;7;4,98
22,2500000000002;4,94;7;4,94
22,3000000000002;4,93;7;4,93
22,3500000000002;4,9;7;4,9
22,4000000000002;4,91;7;4,91
22,4500000000002;4,88;7;4,88
22,5000000000002;4,87;7;4,87
22,5500000000002;4,86;7;4,86
22,6000000000002;4,87;7;4,87
22,6500000000002;4,86;7;4,86
22,7000000000002;4,87;7;4,87
22,7500000000002;4,87;7;4,87
22,8000000000002;4,89;7;4,89
22,8500000000002;4,9;7;4,9
22,9000000000002;4,91;7;4,91
22,9500000000002;4,92;7;4,92
23,0000000000002;4,95;7;4,95
23,0500000000002;4,95;7;4,95
23,1000000000002;4,98;7;4,98
23,1500000000002;4,98;7;4,98
23,2000000000002;4,99;7;4,99
23,2500000000002;5;7;5
23,3000000000002;4,99;7;4,99
23,3500000000002;5,01;7;5,01
23,4000000000002;4,97;7;4,97
23,4500000000002;4,97;7;4,97
23,5000000000002;4,96;7;4,96
23,5500000000002;4,96;7;4,96
23,6000000000002;4,9;7;4,9
23,6500000000002;4,96;7;4,96
23,7000000000002;4,9;7;4,9
23,7500000000002;4,94;7;4,94
23,8000000000002;4,9;7;4,9
23,8500000000002;4,94;7;4,94
23,9000000000002;4,9;7;4,9
23,9500000000002;4,93;7;4,93
24,0000000000002;4,9;7;4,9
24,0500000000002;4,94;7;4,94
24,1000000000002;4,91;7;4,91
24,1500000000002;4,95;7;4,95
24,2000000000002;4,92;7;4,92
24,2500000000002;4,95;7;4,95
24,3000000000002;4,93;7;4,93
24,3500000000002;4,96;7;4,96
24,4000000000002;4,92;7;4,92
24,4500000000002;4,94;7;4,94
24,5000000000002;4,94;7;4,94
24,5500000000002;4,95;7;4,95
24,6000000000002;4,91;7;4,91
24,6500000000002;4,91;7;4,91
24,7000000000002;4,91;7;4,91
24,7500000000002;4,93;7;4,93
24,8000000000002;4,91;7;4,91
24,8500000000002;4,93;7;4,93
24,9000000000002;4,91;7;4,91
24,9500000000002;4,95;7;4,95
25,0000000000002;4,94;7;4,94
25,0500000000002;4,93;7;4,93
25,1000000000002;4,95;7;4,95
25,1500000000002;4,94;7;4,94
25,2000000000002;4,94;7;4,94
25,2500000000002;4,95;7;4,95
25,3000000000002;4,94;7;4,94
25,3500000000002;4,96;7;4,96
25,4000000000002;4,94;7;4,94
25,4500000000002;4,94;7;4,94
25,5000000000002;4,91;7;4,91
25,5500000000002;4,94;7;4,94
25,6000000000002;4,93;7;4,93
25,6500000000002;4,9;7;4,9
25,7000000000002;4,92;7;4,92
25,7500000000002;4,92;7;4,92
25,8000000000002;5,01;6;5,01
25,8500000000002;4,96;6;4,96
25,9000000000002;4,84;6;4,84
25,9500000000002;4,71;6;4,71
26,0000000000002;4,26;6;4,26
26,0500000000002;4;6;4
26,1000000000002;3,42;6;3,42
26,1500000000002;3,11;6;3,11
26,2000000000002;2,84;6;2,84
26,2500000000002;2,27;6;2,27
26,3000000000002;2,03;6;2,03
26,3500000000002;1,89;6;1,89
26,4000000000002;1,65;6;1,65
26,4500000000002;1,57;6;1,57
26,5000000000002;1,52;6;1,52
26,5500000000002;1,5;6;1,5
26,6000000000002;1,51;6;1,51
26,6500000000002;1,56;6;1,56
26,7000000000002;1,63;6;1,63
26,7500000000002;1,78;6;1,78
26,8000000000002;1,87;6;1,87
26,8500000000002;1,99;6;1,99
26,9000000000002;2,11;6;2,11
26,9500000000002;2,38;6;2,38
27,0000000000002;2,49;6;2,49
27,0500000000002;2,64;6;2,64
27,1000000000003;2,83;6;2,83
27,1500000000003;2,87;6;2,87
27,2000000000003;2,94;6;2,94
27,2500000000003;3;6;3
27,3000000000003;3;6;3
27,3500000000003;2,99;6;2,99
27,4000000000003;2,97;6;2,97
27,4500000000003;2,88;6;2,88
27,5000000000003;2,81;6;2,81
27,5500000000003;2,75;6;2,75
27,6000000000003;2,61;6;2,61
27,6500000000003;2,53;6;2,53
27,7000000000003;2,44;6;2,44
27,7500000000003;2,38;6;2,38
27,8000000000003;2,25;6;2,25
27,8500000000003;2,17;6;2,17
27,9000000000003;2,15;6;2,15
27,9500000000003;2,1;6;2,1
28,0000000000003;2,07;6;2,07
28,0500000000003;2,08;6;2,08
28,1000000000003;2,07;6;2,07
28,1500000000003;2,12;6;2,12
28,2000000000003;2,14;6;2,14
28,2500000000003;2,17;6;2,17
28,3000000000003;2,18;6;2,18
28,3500000000003;2,27;6;2,27
28,4000000000003;2,29;6;2,29
28,4500000000003;2,35;6;2,35
28,5000000000003;2,41;6;2,41
28,5500000000003;2,45;6;2,45
28,6000000000003;2,53;6;2,53
28,6500000000003;2,55;6;2,55
28,7000000000003;2,57;6;2,57
28,7500000000003;2,6;6;2,6
28,8000000000003;2,61;6;2,61
28,8500000000003;2,59;6;2,59
28,9000000000003;2,59;6;2,59
28,9500000000003;2,54;6;2,54
29,0000000000003;2,57;6;2,57
29,0500000000003;2,31;6;2,31
29,1000000000003;2,28;6;2,28
29,1500000000003;2,3;6;2,3
29,2000000000003;2,27;6;2,27
29,2500000000003;2,26;6;2,26
29,3000000000003;2,26;6;2,26
29,3500000000003;2,25;6;2,25
29,4000000000003;2,22;6;2,22
29,4500000000003;2,31;6;2,31
29,5000000000003;2,3;6;2,3
29,5500000000003;2,33;6;2,33
29,6000000000003;2,4;6;2,4
29,6500000000003;2,41;6;2,41
29,7000000000003;2,44;6;2,44
29,7500000000003;2,43;6;2,43
29,8000000000003;2,41;6;2,41
29,8500000000003;2,45;6;2,45
29,9000000000003;2,47;6;2,47
29,9500000000003;2,47;6;2,47
30,0000000000003;2,46;6;2,46
30,0500000000003;2,43;6;2,43
30,1000000000003;2,46;6;2,46
30,1500000000003;2,4;6;2,4
30,2000000000003;2,4;6;2,4
30,2500000000003;2,4;6;2,4
30,3000000000003;2,38;6;2,38
30,3500000000003;2,38;6;2,38
30,4000000000003;2,31;6;2,31
30,4500000000003;2,31;6;2,31
30,5000000000003;2,34;6;2,34
30,5500000000003;2,32;6;2,32
30,6000000000003;2,33;6;2,33
30,6500000000003;2,33;6;2,33
30,7000000000003;2,33;6;2,33
30,7500000000003;2,34;6;2,34
30,8000000000003;2,34;6;2,34
30,8500000000003;2,36;6;2,36
30,9000000000003;2,34;6;2,34
30,9500000000003;2,37;6;2,37
31,0000000000003;2,38;6;2,38
31,0500000000003;2,38;6;2,38
31,1000000000003;2,34;6;2,34
31,1500000000003;2,41;6;2,41
31,2000000000003;2,39;6;2,39
31,2500000000003;2,37;6;2,37
31,3000000000003;2,4;6;2,4
31,3500000000003;2,44;6;2,44
31,4000000000003;2,41;6;2,41
31,4500000000003;2,42;6;2,42
31,5000000000003;2,39;6;2,39
31,5500000000003;2,39;6;2,39
31,6000000000003;2,37;6;2,37
31,6500000000003;2,39;6;2,39
31,7000000000003;2,37;6;2,37
31,7500000000003;2,29;6;2,29
31,8000000000003;2,36;6;2,36
31,8500000000003;2,35;6;2,35
31,9000000000003;2,36;6;2,36
31,9500000000003;2,34;6;2,34
32,0000000000003;2,33;6;2,33
32,0500000000003;2,34;6;2,34
32,1000000000003;2,33;6;2,33
32,1500000000003;2,34;6;2,34
32,2000000000003;2,35;6;2,35
32,2500000000003;2,34;6;2,34
32,3000000000003;2,35;6;2,35
32,3500000000003;2,34;6;2,34
32,4000000000003;2,38;6;2,38
32,4500000000003;2,39;6;2,39
32,5000000000003;2,36;6;2,36
32,5500000000003;2,39;6;2,39
32,6000000000003;2,41;6;2,41
32,6500000000003;2,4;6;2,4
32,7000000000003;2,41;6;2,41
32,7500000000003;2,43;6;2,43
32,8000000000003;2,44;6;2,44
32,8500000000003;2,44;6;2,44
32,9000000000003;2,4;6;2,4
32,9500000000003;2,42;6;2,42
33,0000000000003;2,42;6;2,42
33,0500000000003;2,41;6;2,41
33,1000000000003;2,39;6;2,39
33,1500000000003;2,34;6;2,34
33,2000000000003;2,37;6;2,37
33,2500000000002;2,36;6;2,36
33,3000000000002;2,33;6;2,33
33,3500000000002;2,35;6;2,35
33,4000000000002;2,34;6;2,34
33,4500000000002;2,35;6;2,35
33,5000000000002;2,32;6;2,32
33,5500000000002;2,3;6;2,3
33,6000000000002;2,34;6;2,34
33,6500000000002;2,33;6;2,33
33,7000000000002;2,36;6;2,36
33,7500000000002;2,34;6;2,34
33,8000000000002;2,33;6;2,33
33,8500000000002;2,38;6;2,38
33,9000000000002;2,37;6;2,37
33,9500000000002;2,4;6;2,4
34,0000000000002;2,41;6;2,41
34,0500000000002;2,42;6;2,42
34,1000000000002;2,44;6;2,44
34,1500000000002;2,45;6;2,45
34,2000000000002;2,4;6;2,4
34,2500000000002;2,45;6;2,45
34,3000000000002;2,44;6;2,44
34,3500000000002;2,46;6;2,46
34,4000000000002;2,45;6;2,45
34,4500000000002;2,12;7;2,12
34,5000000000002;2,25;7;2,25
34,5500000000002;2,43;7;2,43
34,6000000000002;2,6;7;2,6
34,6500000000002;3,02;7;3,02
34,7000000000002;3,34;7;3,34
34,7500000000002;4,16;7;4,16
34,8000000000002;4,44;7;4,44
34,8500000000002;4,7;7;4,7
34,9000000000002;4,89;7;4,89
34,9500000000002;5,25;7;5,25
35,0000000000001;5,54;7;5,54
35,0500000000001;5,54;7;5,54
35,1000000000001;5,67;7;5,67
35,1500000000001;5,66;7;5,66
35,2000000000001;5,68;7;5,68
35,2500000000001;5,67;7;5,67
35,3000000000001;5,59;7;5,59
35,3500000000001;5,47;7;5,47
35,4000000000001;5,41;7;5,41
35,4500000000001;5,32;7;5,32
35,5000000000001;5,14;7;5,14
35,5500000000001;4,97;7;4,97
35,6000000000001;4,91;7;4,91
35,6500000000001;4,71;7;4,71
35,7000000000001;4,67;7;4,67
35,7500000000001;4,56;7;4,56
35,8000000000001;4,54;7;4,54
35,8500000000001;4,41;7;4,41
35,9000000000001;4,45;7;4,45
35,9500000000001;4,41;7;4,41
36,0000000000001;4,46;7;4,46
36,0500000000001;4,46;7;4,46
36,1000000000001;4,57;7;4,57
36,1500000000001;4,57;7;4,57
36,2000000000001;4,72;7;4,72
36,2500000000001;4,76;7;4,76
36,3000000000001;4,85;7;4,85
36,3500000000001;4,89;7;4,89
36,4000000000001;5,01;7;5,01
36,4500000000001;5,03;7;5,03
36,5000000000001;5,12;7;5,12
36,5500000000001;5,17;7;5,17
36,6000000000001;5,19;7;5,19
36,6500000000001;5,19;7;5,19
36,7000000000001;5,21;7;5,21
36,7500000000001;5,18;7;5,18
36,8;5,18;7;5,18
36,85;5,14;7;5,14
36,9;5,1;7;5,1
36,95;5,05;7;5,05
37;5;7;5
37,05;4,96;7;4,96
37,1;4,93;7;4,93
37,15;4,88;7;4,88
37,2;4,81;7;4,81
37,25;4,79;7;4,79
37,3;4,77;7;4,77
37,35;4,78;7;4,78
37,4;4,74;7;4,74
37,45;4,76;7;4,76
37,5;4,73;7;4,73
37,55;4,78;7;4,78
37,6;4,79;7;4,79
37,65;4,8;7;4,8
37,7;4,82;7;4,82
37,75;4,87;7;4,87
37,8;4,92;7;4,92
37,85;4,94;7;4,94
37,9;5;7;5
37,95;4,99;7;4,99
38;5,02;7;5,02
38,05;5,02;7;5,02
38,1;5,06;7;5,06
38,15;5,02;7;5,02
38,2;5,05;7;5,05
38,25;5,01;7;5,01
38,3;5,05;7;5,05
38,35;5,01;7;5,01
38,4;5,01;7;5,01
38,45;4,94;7;4,94
38,5;4,99;7;4,99
38,5499999999999;4,94;7;4,94
38,5999999999999;4,95;7;4,95
38,6499999999999;4,91;7;4,91
38,6999999999999;4,93;7;4,93
38,7499999999999;4,89;7;4,89
38,7999999999999;4,88;7;4,88
38,8499999999999;4,85;7;4,85
38,8999999999999;4,89;7;4,89
38,9499999999999;4,84;7;4,84
38,9999999999999;4,85;7;4,85
39,0499999999999;4,83;7;4,83
39,0999999999999;4,86;7;4,86
39,1499999999999;4,83;7;4,83
39,1999999999999;4,86;7;4,86
39,2499999999999;4,83;7;4,83
39,2999999999999;4,89;7;4,89
39,3499999999999;4,86;7;4,86
39,3999999999999;4,88;7;4,88
39,4499999999999;4,86;7;4,86
39,4999999999999;4,93;7;4,93
39,5499999999999;4,88;7;4,88
39,5999999999999;4,91;7;4,91
39,6499999999999;4,9;7;4,9
39,6999999999999;4,94;7;4,94
39,7499999999999;4,91;7;4,91
39,7999999999999;4,92;7;4,92
39,8499999999999;4,87;7;4,87
39,8999999999999;4,94;7;4,94
39,9499999999999;4,92;7;4,92
39,9999999999999;4,93;7;4,93
40,0499999999999;4,91;7;4,91
40,0999999999999;4,95;7;4,95
40,1499999999999;4,93;7;4,93
40,1999999999999;4,94;7;4,94
40,2499999999999;4,93;7;4,93
40,2999999999998;4,95;7;4,95
40,3499999999998;4,93;7;4,93
40,3999999999998;4,94;7;4,94
40,4499999999998;4,91;7;4,91
40,4999999999998;4,95;7;4,95
40,5499999999998;4,93;7;4,93
40,5999999999998;4,93;7;4,93
40,6499999999998;4,92;7;4,92
40,6999999999998;4,95;7;4,95
40,7499999999998;4,92;7;4,92
40,7999999999998;4,95;7;4,95
40,8499999999998;4,92;7;4,92
40,8999999999998;4,93;7;4,93
40,9499999999998;4,92;7;4,92
40,9999999999998;4,96;7;4,96
41,0499999999998;4,94;7;4,94
41,0999999999998;4,95;7;4,95
41,1499999999998;4,94;7;4,94
41,1999999999998;4,97;7;4,97
41,2499999999998;4,96;7;4,96
41,2999999999998;4,97;7;4,97
41,3499999999998;4,97;7;4,97
41,3999999999998;4,98;7;4,98
41,4499999999998;4,97;7;4,97
41,4999999999998;4,98;7;4,98
41,5499999999998;4,96;7;4,96
41,5999999999998;4,98;7;4,98
41,6499999999998;4,96;7;4,96
41,6999999999998;4,96;7;4,96
41,7499999999998;4,95;7;4,95
41,7999999999998;4,95;7;4,95
41,8499999999998;4,94;7;4,94
41,8999999999998;4,94;7;4,94
41,9499999999998;4,89;7;4,89
41,9999999999998;4,93;7;4,93
42,0499999999997;4,92;7;4,92
42,0999999999997;4,9;7;4,9
42,1499999999997;4,89;7;4,89
42,1999999999997;4,93;7;4,93
42,2499999999997;4,91;7;4,91
42,2999999999997;4,91;7;4,91
42,3499999999997;4,88;7;4,88
42,3999999999997;4,92;7;4,92
42,4499999999997;4,91;7;4,91
42,4999999999997;4,92;7;4,92
42,5499999999997;4,89;7;4,89
42,5999999999997;4,93;7;4,93
42,6499999999997;4,93;7;4,93
42,6999999999997;4,93;7;4,93
42,7499999999997;4,9;7;4,9
42,7999999999997;4,95;7;4,95
42,8499999999997;4,93;7;4,93
42,8999999999997;4,94;7;4,94
42,9499999999997;4,89;7;4,89
42,9999999999997;4,92;7;4,92
43,0499999999997;4,92;7;4,92
43,0999999999997;4,92;7;4,92
43,1499999999997;4,89;7;4,89
43,1999999999997;4,98;6;4,98
43,2499999999997;4,94;6;4,94
43,2999999999997;4,8;6;4,8
43,3499999999997;4,67;6;4,67
43,3999999999997;4,23;6;4,23
43,4499999999997;3,94;6;3,94
43,4999999999997;3,68;6;3,68
43,5499999999997;3,39;6;3,39
43,5999999999997;2,77;6;2,77
43,6499999999997;2,52;6;2,52
43,6999999999997;2,23;6;2,23
43,7499999999997;2,07;6;2,07
43,7999999999996;1,76;6;1,76
43,8499999999996;1,66;6;1,66
43,8999999999996;1,58;6;1,58
43,9499999999996;1,49;6;1,49
43,9999999999996;1,48;6;1,48
44,0499999999996;1,54;6;1,54
44,0999999999996;1,56;6;1,56
44,1499999999996;1,63;6;1,63
44,1999999999996;1,8;6;1,8
44,2499999999996;1,9;6;1,9
44,2999999999996;2,02;6;2,02
44,3499999999996;2,26;6;2,26
44,3999999999996;2,39;6;2,39
44,4499999999996;2,56;6;2,56
44,4999999999996;2,77;6;2,77
44,5499999999996;2,85;6;2,85
44,5999999999996;2,98;6;2,98
44,6499999999996;3,02;6;3,02
44,6999999999996;3,03;6;3,03
44,7499999999996;3,04;6;3,04
44,7999999999996;3,02;6;3,02
44,8499999999996;2,98;6;2,98
44,8999999999996;2,93;6;2,93
44,9499999999996;2,88;6;2,88
44,9999999999996;2,72;6;2,72
45,0499999999996;2,66;6;2,66
45,0999999999996;2,59;6;2,59
45,1499999999996;2,44;6;2,44
45,1999999999996;2,38;6;2,38
45,2499999999996;2,34;6;2,34
45,2999999999996;2,18;6;2,18
45,3499999999996;2,17;6;2,17
45,3999999999996;2,13;6;2,13
45,4499999999996;2,17;6;2,17
45,4999999999996;2,16;6;2,16
45,5499999999996;2,16;6;2,16
45,5999999999995;2,19;6;2,19
45,6499999999995;2,2;6;2,2
45,6999999999995;2,25;6;2,25
45,7499999999995;2,32;6;2,32
45,7999999999995;2,35;6;2,35
45,8499999999995;2,42;6;2,42
45,8999999999995;2,53;6;2,53
45,9499999999995;2,57;6;2,57
45,9999999999995;2,59;6;2,59
46,0499999999995;2,62;6;2,62
46,0999999999995;2,64;6;2,64
46,1499999999995;2,69;6;2,69
46,1999999999995;2,7;6;2,7
46,2499999999995;2,69;6;2,69
46,2999999999995;2,69;6;2,69
46,3499999999995;2,69;6;2,69
46,3999999999995;2,65;6;2,65
46,4499999999995;2,62;6;2,62
46,4999999999995;2,56;6;2,56
46,5499999999995;2,56;6;2,56
46,5999999999995;2,53;6;2,53
46,6499999999995;2,5;6;2,5
46,6999999999995;2,43;6;2,43
46,7499999999995;2,39;6;2,39
46,7999999999995;2,34;6;2,34
46,8499999999995;2,32;6;2,32
46,8999999999995;2,32;6;2,32
46,9499999999995;2,32;6;2,32
46,9999999999995;2,34;6;2,34
47,0499999999995;2,35;6;2,35
47,0999999999995;2,35;6;2,35
47,1499999999995;2,35;6;2,35
47,1999999999995;2,35;6;2,35
47,2499999999995;2,42;6;2,42
47,2999999999995;2,44;6;2,44
47,3499999999994;2,46;6;2,46
47,3999999999994;2,47;6;2,47
47,4499999999994;2,49;6;2,49
47,4999999999994;2,51;6;2,51
47,5499999999994;2,54;6;2,54
47,5999999999994;2,51;6;2,51
47,6499999999994;2,57;6;2,57
47,6999999999994;2,57;6;2,57
47,7499999999994;2,58;6;2,58
47,7999999999994;2,57;6;2,57
47,8499999999994;2,56;6;2,56
47,8999999999994;2,55;6;2,55
47,9499999999994;2,55;6;2,55
47,9999999999994;2,5;6;2,5
48,0499999999994;2,54;6;2,54
48,0999999999994;2,52;6;2,52
48,1499999999994;2,5;6;2,5
48,1999999999994;2,49;6;2,49
48,2499999999994;2,46;6;2,46
48,2999999999994;2,43;6;2,43
48,3499999999994;2,44;6;2,44
48,3999999999994;2,41;6;2,41
48,4499999999994;2,44;6;2,44
48,4999999999994;2,43;6;2,43
48,5499999999994;2,43;6;2,43
48,5999999999994;2,45;6;2,45
48,6499999999994;2,45;6;2,45
48,6999999999994;2,45;6;2,45
48,7499999999994;2,43;6;2,43
48,7999999999994;2,5;6;2,5
48,8499999999994;2,52;6;2,52
48,8999999999994;2,52;6;2,52
48,9499999999994;2,53;6;2,53
48,9999999999994;2,55;6;2,55
49,0499999999994;2,52;6;2,52
49,0999999999993;2,55;6;2,55
49,1499999999993;2,53;6;2,53
49,1999999999993;2,57;6;2,57
49,2499999999993;2,58;6;2,58
49,2999999999993;2,57;6;2,57
49,3499999999993;2,57;6;2,57
49,3999999999993;2,55;6;2,55
49,4499999999993;2,53;6;2,53
49,4999999999993;2,55;6;2,55
49,5499999999993;2,53;6;2,53
49,5999999999993;2,54;6;2,54
49,6499999999993;2,53;6;2,53
49,6999999999993;2,52;6;2,52
49,7499999999993;2,53;6;2,53
49,7999999999993;2,53;6;2,53
49,8499999999993;2,51;6;2,51
49,8999999999993;2,51;6;2,51
49,9499999999993;2,47;6;2,47
49,9999999999993;2,47;6;2,47
50,0499999999993;2,52;6;2,52
50,0999999999993;2,5;6;2,5
50,1499999999993;2,52;6;2,52
50,1999999999993;2,5;6;2,5
50,2499999999993;2,5;6;2,5
50,2999999999993;2,5;6;2,5
50,3499999999993;2,46;6;2,46
50,3999999999993;2,49;6;2,49
50,4499999999993;2,5;6;2,5
50,4999999999993;2,47;6;2,47
50,5499999999993;2,49;6;2,49
50,5999999999993;2,46;6;2,46
50,6499999999993;2,48;6;2,48
50,6999999999993;2,49;6;2,49
50,7499999999993;2,48;6;2,48
50,7999999999993;2,4;6;2,4
50,8499999999992;2,48;6;2,48
50,8999999999992;2,45;6;2,45
50,9499999999992;2,49;6;2,49
50,9999999999992;2,48;6;2,48
51,0499999999992;2,47;6;2,47
51,0999999999992;2,64;7;2,64
51,1499999999992;3,08;7;3,08
51,1999999999992;3,38;7;3,38
51,2499999999992;3,66;7;3,66
51,2999999999992;3,92;7;3,92
51,3499999999992;4,21;7;4,21
51,3999999999992;4,47;7;4,47
51,4499999999992;4,92;7;4,92
51,4999999999992;5,13;7;5,13
51,5499999999992;5,3;7;5,3
51,5999999999992;5,56;7;5,56
51,6499999999992;5,61;7;5,61
51,6999999999992;5,68;7;5,68
51,7499999999992;5,67;7;5,67
51,7999999999992;5,62;7;5,62
51,8499999999992;5,57;7;5,57
51,8999999999992;5,49;7;5,49
51,9499999999992;5,39;7;5,39
51,9999999999992;5,2;7;5,2
52,0499999999992;5,1;7;5,1
52,0999999999992;5;7;5
52,1499999999992;4,82;7;4,82
52,1999999999992;4,73;7;4,73
52,2499999999992;4,65;7;4,65
52,2999999999992;4,59;7;4,59
52,3499999999992;4,52;7;4,52
52,3999999999992;4,46;7;4,46
52,4499999999992;4,47;7;4,47
52,4999999999992;4,47;7;4,47
52,5499999999992;4,54;7;4,54
52,5999999999991;4,62;7;4,62
52,6499999999991;4,68;7;4,68
52,6999999999991;4,73;7;4,73
52,7499999999991;4,85;7;4,85
52,7999999999991;4,93;7;4,93
52,8499999999991;4,98;7;4,98
52,8999999999991;5,02;7;5,02
52,9499999999991;5,13;7;5,13
52,9999999999991;5,17;7;5,17
53,0499999999991;5,2;7;5,2
53,0999999999991;5,2;7;5,2
53,1499999999991;5,21;7;5,21
53,1999999999991;5,23;7;5,23
53,2499999999991;5,21;7;5,21
53,2999999999991;5,19;7;5,19
53,3499999999991;5,13;7;5,13
53,3999999999991;5,1;7;5,1
53,4499999999991;5,06;7;5,06
53,4999999999991;5,02;7;5,02
53,5499999999991;4,95;7;4,95
53,5999999999991;4,89;7;4,89
53,6499999999991;4,87;7;4,87
53,6999999999991;4,83;7;4,83
53,7499999999991;4,79;7;4,79
53,7999999999991;4,77;7;4,77
53,8499999999991;4,77;7;4,77
53,8999999999991;4,74;7;4,74
53,9499999999991;4,78;7;4,78
53,9999999999991;4,76;7;4,76
54,0499999999991;4,79;7;4,79
54,0999999999991;4,79;7;4,79
54,1499999999991;4,86;7;4,86
54,1999999999991;4,86;7;4,86
54,2499999999991;4,89;7;4,89
54,2999999999991;4,91;7;4,91
54,349999999999;4,98;7;4,98
54,399999999999;4,98;7;4,98
54,449999999999;5,04;7;5,04
54,499999999999;5,06;7;5,06
54,549999999999;5,04;7;5,04
54,599999999999;5,09;7;5,09
54,649999999999;5,05;7;5,05
54,699999999999;5,06;7;5,06
54,749999999999;5,06;7;5,06
54,799999999999;5,02;7;5,02
54,849999999999;4,99;7;4,99
54,899999999999;4,94;7;4,94
54,949999999999;4,97;7;4,97
54,999999999999;4,93;7;4,93
55,049999999999;4,91;7;4,91
55,099999999999;4,89;7;4,89
55,149999999999;4,9;7;4,9
55,199999999999;4,87;7;4,87
55,249999999999;4,88;7;4,88
55,299999999999;4,85;7;4,85
55,349999999999;4,9;7;4,9
55,399999999999;4,87;7;4,87
55,449999999999;4,92;7;4,92
55,499999999999;4,88;7;4,88
55,549999999999;4,93;7;4,93
55,599999999999;4,9;7;4,9
55,649999999999;4,94;7;4,94
55,699999999999;4,93;7;4,93
55,749999999999;4,97;7;4,97
55,799999999999;4,93;7;4,93
55,849999999999;5;7;5
55,899999999999;4,94;7;4,94
55,949999999999;5;7;5
55,999999999999;4,97;7;4,97
56,049999999999;4,99;7;4,99
56,099999999999;4,96;7;4,96
56,1499999999989;4,99;7;4,99
56,1999999999989;4,95;7;4,95
56,2499999999989;4,97;7;4,97
56,2999999999989;4,9;7;4,9
56,3499999999989;4,95;7;4,95
56,3999999999989;4,92;7;4,92
56,4499999999989;4,92;7;4,92
56,4999999999989;4,88;7;4,88
56,5499999999989;4,92;7;4,92
56,5999999999989;4,88;7;4,88
56,6499999999989;4,89;7;4,89
56,6999999999989;4,85;7;4,85
56,7499999999989;4,88;7;4,88
56,7999999999989;4,9;7;4,9
56,8499999999989;4,93;7;4,93
56,8999999999989;4,9;7;4,9
56,9499999999989;4,92;7;4,92
56,9999999999989;4,93;7;4,93
57,0499999999989;4,98;7;4,98
57,0999999999989;4,95;7;4,95
57,1499999999989;4,96;7;4,96
57,1999999999989;4,98;7;4,98
57,2499999999989;5,01;7;5,01
57,2999999999989;4,98;7;4,98
57,3499999999989;5;7;5
57,3999999999989;4,99;7;4,99
57,4499999999989;5,01;7;5,01
57,4999999999989;4,96;7;4,96
57,5499999999989;4,99;7;4,99
57,5999999999989;4,98;7;4,98
57,6499999999989;4,99;7;4,99
57,6999999999989;4,95;7;4,95
57,7499999999989;4,97;7;4,97
57,7999999999989;4,95;7;4,95
57,8499999999989;4,95;7;4,95
57,8999999999988;4,92;7;4,92
57,9499999999988;4,94;7;4,94
57,9999999999988;4,93;7;4,93
58,0499999999988;4,91;7;4,91
58,0999999999988;4,9;7;4,9
58,1499999999988;4,92;7;4,92
58,1999999999988;4,91;7;4,91
58,2499999999988;4,91;7;4,91
58,2999999999988;4,92;7;4,92
58,3499999999988;4,95;7;4,95
58,3999999999988;4,96;7;4,96
58,4499999999988;4,98;7;4,98
58,4999999999988;4,96;7;4,96
58,5499999999988;4,96;7;4,96
58,5999999999988;4,95;7;4,95
58,6499999999988;4,96;7;4,96
58,6999999999988;4,97;7;4,97
58,7499999999988;4,93;7;4,93
58,7999999999988;4,93;7;4,93
58,8499999999988;4,9;7;4,9
58,8999999999988;4,92;7;4,92
58,9499999999988;4,91;7;4,91
58,9999999999988;4,91;7;4,91
59,0499999999988;4,9;7;4,9
59,0999999999988;4,92;7;4,92
59,1499999999988;4,9;7;4,9
59,1999999999988;4,95;7;4,95
59,2499999999988;4,92;7;4,92
59,2999999999988;4,93;7;4,93
59,3499999999988;4,93;7;4,93
59,3999999999988;4,95;7;4,95
59,4499999999988;4,92;7;4,92
59,4999999999988;4,94;7;4,94
59,5499999999988;4,94;7;4,94
59,5999999999988;4,96;7;4,96
59,6499999999987;4,93;7;4,93
59,6999999999987;4,93;7;4,93
59,7499999999987;4,94;7;4,94
59,7999999999987;4,96;7;4,96
59,8499999999987;4,95;7;4,95
59,8999999999987;4,95;7;4,95
59,9499999999987;4,96;7;4,96
59,9999999999987;4,92;7;4,92
60,0499999999987;4,95;7;4,95
60,0999999999987;4,94;7;4,94
60,1499999999987;4,96;7;4,96
60,1999999999987;4,93;7;4,93
60,2499999999987;4,94;7;4,94
60,2999999999987;4,94;7;4,94
60,3499999999987;4,96;7;4,96
60,3999999999987;4,92;7;4,92
60,4499999999987;4,93;7;4,93
60,4999999999987;4,93;7;4,93
60,5499999999987;4,94;7;4,94
60,5999999999987;4,93;7;4,93
60,6499999999987;4,93;7;4,93
60,6999999999987;4,95;7;4,95
60,7499999999987;4,97;7;4,97
60,7999999999987;4,94;7;4,94
60,8499999999987;4,93;7;4,93
60,8999999999987;4,96;7;4,96
60,9499999999987;4,96;7;4,96
60,9999999999987;4,95;7;4,95
61,0499999999987;4,96;7;4,96
61,0999999999987;4,97;7;4,97
61,1499999999987;4,95;7;4,95
61,1999999999987;4,99;7;4,99
61,2499999999987;4,95;7;4,95
61,2999999999987;4,98;7;4,98
61,3499999999987;4,98;7;4,98
61,3999999999986;5;7;5
61,4499999999986;4,96;7;4,96
61,4999999999986;5,01;7;5,01
61,5499999999986;5,01;7;5,01
61,5999999999986;5,02;7;5,02
61,6499999999986;4,96;7;4,96
61,6999999999986;5,02;7;5,02
61,7499999999986;5,01;7;5,01
61,7999999999986;5,01;7;5,01
61,8499999999986;4,96;7;4,96
61,8999999999986;5,01;7;5,01
61,9499999999986;4,98;7;4,98
61,9999999999986;4,98;7;4,98
62,0499999999986;4,97;7;4,97
62,0999999999986;4,96;7;4,96
62,1499999999986;4,93;7;4,93
62,1999999999986;4,97;7;4,97
62,2499999999986;4,95;7;4,95
62,2999999999986;4,96;7;4,96
62,3499999999986;4,94;7;4,94
62,3999999999986;4,97;7;4,97
62,4499999999986;4,96;7;4,96
62,4999999999986;4,96;7;4,96
62,5499999999986;4,97;7;4,97
62,5999999999986;4,99;7;4,99
62,6499999999986;4,98;7;4,98
62,6999999999986;4,99;7;4,99
62,7499999999986;4,98;7;4,98
62,7999999999986;5;7;5
62,8499999999986;5;7;5
62,8999999999986;4,98;7;4,98
62,9499999999986;5,01;7;5,01
62,9999999999986;5;7;5
63,0499999999986;5;7;5
63,0999999999986;4,98;7;4,98
63,1499999999985;4,99;7;4,99
63,1999999999985;4,99;7;4,99
63,2499999999985;4,95;7;4,95
63,2999999999985;4,96;7;4,96
63,3499999999985;4,95;7;4,95
63,3999999999985;4,97;7;4,97
63,4499999999985;4,94;7;4,94
63,4999999999985;4,94;7;4,94
63,5499999999985;4,88;7;4,88
63,5999999999985;4,89;7;4,89
63,6499999999985;4,92;7;4,92
63,6999999999985;4,92;7;4,92
63,7499999999985;4,85;7;4,85
63,7999999999985;4,9;7;4,9
63,8499999999985;4,91;7;4,91
63,8999999999985;4,9;7;4,9
63,9499999999985;4,88;7;4,88
63,9999999999985;4,86;7;4,86
64,0499999999985;4,87;7;4,87
64,0999999999985;4,87;7;4,87
64,1499999999985;4,88;7;4,88
64,1999999999985;4,89;7;4,89
64,2499999999985;4,91;7;4,91
64,2999999999985;4,89;7;4,89
64,3499999999985;4,91;7;4,91
64,3999999999985;4,91;7;4,91
64,4499999999985;4,9;7;4,9
64,4999999999985;4,92;7;4,92
64,5499999999985;4,94;7;4,94
64,5999999999985;4,91;7;4,91
64,6499999999985;4,96;7;4,96
64,6999999999985;4,95;7;4,95
64,7499999999985;4,95;7;4,95
64,7999999999985;4,94;7;4,94
64,8499999999985;4,94;7;4,94
64,8999999999985;4,94;7;4,94
64,9499999999985;4,95;7;4,95
64,9999999999985;4,93;7;4,93
65,0499999999984;4,93;7;4,93
65,0999999999984;4,93;7;4,93
65,1499999999984;4,94;7;4,94
65,1999999999984;4,93;7;4,93
65,2499999999984;4,95;7;4,95
65,2999999999984;4,92;7;4,92
65,3499999999984;4,93;7;4,93
65,3999999999984;4,93;7;4,93
65,4499999999984;4,94;7;4,94
65,4999999999984;4,9;7;4,9
65,5499999999984;4,95;7;4,95
65,5999999999984;4,95;7;4,95
65,6499999999984;4,95;7;4,95
65,6999999999984;4,93;7;4,93
65,7499999999984;4,96;7;4,96
65,7999999999984;4,95;7;4,95
65,8499999999984;4,95;7;4,95
65,8999999999984;4,91;7;4,91
65,9499999999984;4,94;7;4,94
65,9999999999984;4,92;7;4,92
66,0499999999984;4,91;7;4,91
66,0999999999984;4,88;7;4,88
66,1499999999984;4,91;7;4,91
66,1999999999984;4,86;7;4,86
66,2499999999984;4,89;7;4,89
66,2999999999984;4,87;7;4,87
66,3499999999984;4,88;7;4,88
66,3999999999984;4,95;6;4,95
66,4499999999984;4,85;6;4,85
66,4999999999984;4,72;6;4,72
66,5499999999984;4,31;6;4,31
66,5999999999984;4,07;6;4,07
66,6499999999984;3,79;6;3,79
66,6999999999984;3,5;6;3,5
66,7499999999984;3,22;6;3,22
66,7999999999983;2,65;6;2,65
66,8499999999983;2,39;6;2,39
66,8999999999983;1,97;6;1,97
66,9499999999983;1,83;6;1,83
66,9999999999983;1,73;6;1,73
67,0499999999983;1,66;6;1,66
67,0999999999983;1,57;6;1,57
67,1499999999983;1,6;6;1,6
67,1999999999983;1,67;6;1,67
67,2499999999983;1,73;6;1,73
67,2999999999983;1,83;6;1,83
67,3499999999983;1,93;6;1,93
67,3999999999983;2,16;6;2,16
67,4499999999983;2,3;6;2,3
67,4999999999983;2,43;6;2,43
67,5499999999983;2,68;6;2,68
67,5999999999983;2,79;6;2,79
67,6499999999983;2,85;6;2,85
67,6999999999983;2,92;6;2,92
67,7499999999983;3,02;6;3,02
67,7999999999983;3,04;6;3,04
67,8499999999983;3,04;6;3,04
67,8999999999983;3,03;6;3,03
67,9499999999983;2,97;6;2,97
67,9999999999983;2,93;6;2,93
68,0499999999983;2,87;6;2,87
68,0999999999983;2,74;6;2,74
68,1499999999983;2,64;6;2,64
68,1999999999983;2,6;6;2,6
68,2499999999983;2,51;6;2,51
68,2999999999983;2,35;6;2,35
68,3499999999983;2,32;6;2,32
68,3999999999983;2,22;6;2,22
68,4499999999983;2,17;6;2,17
68,4999999999983;2,17;6;2,17
68,5499999999982;2,15;6;2,15
68,5999999999982;2,17;6;2,17
68,6499999999982;2,17;6;2,17
68,6999999999982;2,21;6;2,21
68,7499999999982;2,22;6;2,22
68,7999999999982;2,28;6;2,28
68,8499999999982;2,37;6;2,37
68,8999999999982;2,47;6;2,47
68,9499999999982;2,54;6;2,54
68,9999999999982;2,57;6;2,57
69,0499999999982;2,6;6;2,6
69,0999999999982;2,64;6;2,64
69,1499999999982;2,68;6;2,68
69,1999999999982;2,7;6;2,7
69,2499999999982;2,71;6;2,71
69,2999999999982;2,72;6;2,72
69,3499999999982;2,72;6;2,72
69,3999999999982;2,69;6;2,69
69,4499999999982;2,62;6;2,62
69,4999999999982;2,61;6;2,61
69,5499999999982;2,57;6;2,57
69,5999999999982;2,54;6;2,54
69,6499999999982;2,5;6;2,5
69,6999999999982;2,45;6;2,45
69,7499999999982;2,46;6;2,46
69,7999999999982;2,41;6;2,41
69,8499999999982;2,39;6;2,39
69,8999999999982;2,38;6;2,38
69,9499999999982;2,39;6;2,39
69,9999999999982;2,36;6;2,36
70,0499999999982;2,39;6;2,39
70,0999999999982;2,41;6;2,41
70,1499999999982;2,4;6;2,4
70,1999999999982;2,43;6;2,43
70,2499999999982;2,43;6;2,43
70,2999999999982;2,45;6;2,45
70,3499999999981;2,48;6;2,48
70,3999999999981;2,49;6;2,49
70,4499999999981;2,51;6;2,51
70,4999999999981;2,52;6;2,52
70,5499999999981;2,54;6;2,54
70,5999999999981;2,58;6;2,58
70,6499999999981;2,59;6;2,59
70,6999999999981;2,57;6;2,57
70,7499999999981;2,58;6;2,58
70,7999999999981;2,58;6;2,58
70,8499999999981;2,6;6;2,6
70,8999999999981;2,58;6;2,58
70,9499999999981;2,57;6;2,57
70,9999999999981;2,56;6;2,56
71,0499999999981;2,54;6;2,54
71,0999999999981;2,54;6;2,54
71,1499999999981;2,47;6;2,47
71,1999999999981;2,47;6;2,47
71,2499999999981;2,46;6;2,46
71,2999999999981;2,44;6;2,44
71,3499999999981;2,42;6;2,42
71,3999999999981;2,41;6;2,41
71,4499999999981;2,41;6;2,41
71,4999999999981;2,41;6;2,41
71,5499999999981;2,4;6;2,4
71,5999999999981;2,41;6;2,41
71,6499999999981;2,43;6;2,43
71,6999999999981;2,43;6;2,43
71,7499999999981;2,44;6;2,44
71,7999999999981;2,44;6;2,44
71,8499999999981;2,47;6;2,47
71,8999999999981;2,49;6;2,49
71,9499999999981;2,5;6;2,5
71,9999999999981;2,48;6;2,48
72,0499999999981;2,51;6;2,51
72,099999999998;2,48;6;2,48
72,149999999998;2,51;6;2,51
72,199999999998;2,49;6;2,49
72,249999999998;2,49;6;2,49
72,299999999998;2,48;6;2,48
72,349999999998;2,48;6;2,48
72,399999999998;2,48;6;2,48
72,449999999998;2,47;6;2,47
72,499999999998;2,44;6;2,44
72,549999999998;2,47;6;2,47
72,599999999998;2,44;6;2,44
72,649999999998;2,47;6;2,47
72,699999999998;2,46;6;2,46
72,749999999998;2,48;6;2,48
72,799999999998;2,46;6;2,46
72,849999999998;2,46;6;2,46
72,899999999998;2,47;6;2,47
72,949999999998;2,49;6;2,49
72,999999999998;2,45;6;2,45
73,049999999998;2,46;6;2,46
73,099999999998;2,45;6;2,45
73,149999999998;2,47;6;2,47
73,199999999998;2,46;6;2,46
73,249999999998;2,49;6;2,49
73,299999999998;2,51;6;2,51
73,349999999998;2,48;6;2,48
73,399999999998;2,48;6;2,48
73,449999999998;2,48;6;2,48
73,499999999998;2,47;6;2,47
73,549999999998;2,46;6;2,46
73,599999999998;2,49;6;2,49
73,649999999998;2,44;6;2,44
73,699999999998;2,45;6;2,45
73,749999999998;2,49;6;2,49
73,799999999998;2,47;6;2,47
73,8499999999979;2,5;6;2,5
73,8999999999979;2,44;6;2,44
73,9499999999979;2,46;6;2,46
73,9999999999979;2,48;6;2,48
74,0499999999979;2,47;6;2,47
74,0999999999979;2,45;6;2,45
74,1499999999979;2,47;6;2,47
74,1999999999979;2,48;6;2,48
74,2499999999979;2,45;6;2,45
74,2999999999979;2,44;6;2,44
74,3499999999979;2,47;6;2,47
74,3999999999979;2,45;6;2,45
74,4499999999979;2,46;6;2,46
74,4999999999979;2,43;6;2,43
74,5499999999979;2,44;6;2,44
74,5999999999979;2,45;6;2,45
74,6499999999979;2,45;6;2,45
74,6999999999979;2,46;6;2,46
74,7499999999979;2,44;6;2,44
74,7999999999979;2,46;6;2,46
74,8499999999979;2,48;6;2,48
74,8999999999979;2,47;6;2,47
74,9499999999979;2,47;6;2,47
74,9999999999979;2,48;6;2,48
75,0499999999979;2,46;6;2,46
75,0999999999979;2,47;6;2,47
75,1499999999979;2,47;6;2,47
75,1999999999979;2,46;6;2,46
75,2499999999979;2,45;6;2,45
75,2999999999979;2,47;6;2,47
75,3499999999979;2,47;6;2,47
75,3999999999979;2,44;6;2,44
75,4499999999979;2,48;6;2,48
75,4999999999979;2,46;6;2,46
75,5499999999979;2,43;6;2,43
75,5999999999978;2,46;6;2,46
75,6499999999978;2,47;6;2,47
75,6999999999978;2,47;6;2,47
75,7499999999978;2,48;6;2,48
75,7999999999978;2,45;6;2,45
75,8499999999978;2,44;6;2,44
75,8999999999978;2,46;6;2,46
75,9499999999978;2,47;6;2,47
75,9999999999978;2,46;6;2,46
76,0499999999978;2,45;6;2,45
76,0999999999978;2,47;6;2,47
76,1499999999978;2,48;6;2,48
76,1999999999978;2,46;6;2,46
76,2499999999978;2,46;6;2,46
76,2999999999978;2,44;6;2,44
76,3499999999978;2,43;6;2,43
76,3999999999978;2,43;6;2,43
76,4499999999978;2,43;6;2,43
76,4999999999978;2,4;6;2,4
76,5499999999978;2,42;6;2,42
76,5999999999978;2,4;6;2,4
76,6499999999978;2,42;6;2,42
76,6999999999978;2,42;6;2,42
76,7499999999978;2,43;6;2,43
76,7999999999978;2,41;6;2,41
76,8499999999978;2,43;6;2,43
76,8999999999978;2,42;6;2,42
76,9499999999978;2,42;6;2,42
76,9999999999978;2,38;6;2,38
77,0499999999978;2,41;6;2,41
77,0999999999978;2,41;6;2,41
77,1499999999978;2,4;6;2,4
77,1999999999978;2,42;6;2,42
77,2499999999978;2,39;6;2,39
77,2999999999978;2,41;6;2,41
77,3499999999977;2,4;6;2,4
77,3999999999977;2,4;6;2,4
77,4499999999977;2,42;6;2,42
77,4999999999977;2,42;6;2,42
77,5499999999977;2,4;6;2,4
77,5999999999977;2,37;6;2,37
77,6499999999977;2,41;6;2,41
77,6999999999977;2,4;6;2,4
77,7499999999977;2,39;6;2,39
77,7999999999977;2,39;6;2,39
77,8499999999977;2,41;6;2,41
77,8999999999977;2,4;6;2,4
77,9499999999977;2,42;6;2,42
77,9999999999977;2,37;6;2,37
78,0499999999977;2,37;6;2,37
78,0999999999977;2,34;6;2,34
78,1499999999977;2,37;6;2,37
78,1999999999977;2,33;6;2,33
78,2499999999977;2,36;6;2,36
78,2999999999977;2,32;6;2,32
78,3499999999977;2,37;6;2,37
78,3999999999977;2,4;6;2,4
78,4499999999977;2,39;6;2,39
78,4999999999977;2,43;6;2,43
78,5499999999977;2,14;7;2,14
78,5999999999977;2,23;7;2,23
78,6499999999977;2,4;7;2,4
78,6999999999977;2,57;7;2,57
78,7499999999977;3,1;7;3,1
78,7999999999977;3,32;7;3,32
78,8499999999977;3,63;7;3,63
78,8999999999977;3,94;7;3,94
78,9499999999977;4,51;7;4,51
78,9999999999977;4,7;7;4,7
79,0499999999977;4,97;7;4,97
79,0999999999977;5,31;7;5,31
79,1499999999976;5,46;7;5,46
79,1999999999976;5,55;7;5,55
79,2499999999976;5,64;7;5,64
79,2999999999976;5,67;7;5,67
79,3499999999976;5,68;7;5,68
79,3999999999976;5,65;7;5,65
79,4499999999976;5,57;7;5,57
79,4999999999976;5,49;7;5,49
79,5499999999976;5,38;7;5,38
79,5999999999976;5,3;7;5,3
79,6499999999976;5,11;7;5,11
79,6999999999976;4,99;7;4,99
79,7499999999976;4,9;7;4,9
79,7999999999976;4,78;7;4,78
79,8499999999976;4,66;7;4,66
79,8999999999976;4,55;7;4,55
79,9499999999976;4,55;7;4,55
79,9999999999976;4,43;7;4,43
80,0499999999976;4,46;7;4,46
80,0999999999976;4,42;7;4,42
80,1499999999976;4,47;7;4,47
80,1999999999976;4,52;7;4,52
80,2499999999976;4,6;7;4,6
80,2999999999976;4,59;7;4,59
80,3499999999976;4,7;7;4,7
80,3999999999976;4,81;7;4,81
80,4499999999976;4,89;7;4,89
80,4999999999976;4,93;7;4,93
80,5499999999976;5;7;5
80,5999999999976;5,09;7;5,09
80,6499999999976;5,15;7;5,15
80,6999999999976;5,14;7;5,14
80,7499999999976;5,21;7;5,21
80,7999999999976;5,19;7;5,19
80,8499999999976;5,21;7;5,21
80,8999999999975;5,17;7;5,17
80,9499999999975;5,2;7;5,2
80,9999999999975;5,15;7;5,15
81,0499999999975;5,13;7;5,13
81,0999999999975;5,08;7;5,08
81,1499999999975;5,07;7;5,07
81,1999999999975;4,98;7;4,98
81,2499999999975;4,96;7;4,96
81,2999999999975;4,91;7;4,91
81,3499999999975;4,9;7;4,9
81,3999999999975;4,83;7;4,83
81,4499999999975;4,83;7;4,83
81,4999999999975;4,8;7;4,8
81,5499999999975;4,81;7;4,81
81,5999999999975;4,78;7;4,78
81,6499999999975;4,81;7;4,81
81,6999999999975;4,8;7;4,8
81,7499999999975;4,84;7;4,84
81,7999999999975;4,82;7;4,82
81,8499999999975;4,9;7;4,9
81,8999999999975;4,89;7;4,89
81,9499999999975;4,93;7;4,93
81,9999999999975;4,92;7;4,92
82,0499999999975;4,98;7;4,98
82,0999999999975;4,97;7;4,97
82,1499999999975;5;7;5
82,1999999999975;4,97;7;4,97
82,2499999999975;5,04;7;5,04
82,2999999999975;5,01;7;5,01
82,3499999999975;5,03;7;5,03
82,3999999999975;4,97;7;4,97
82,4499999999975;5,03;7;5,03
82,4999999999975;5;7;5
82,5499999999975;5,01;7;5,01
82,5999999999975;4,97;7;4,97
82,6499999999974;5,01;7;5,01
82,6999999999974;4,98;7;4,98
82,7499999999974;4,96;7;4,96
82,7999999999974;4,93;7;4,93
82,8499999999974;4,97;7;4,97
82,8999999999974;4,93;7;4,93
82,9499999999974;4,93;7;4,93
82,9999999999974;4,87;7;4,87
83,0499999999974;4,91;7;4,91
83,0999999999974;4,88;7;4,88
83,1499999999974;4,88;7;4,88
83,1999999999974;4,89;7;4,89
83,2499999999974;4,86;7;4,86
83,2999999999974;4,87;7;4,87
83,3499999999974;4,87;7;4,87
83,3999999999974;4,92;7;4,92
83,4499999999974;4,88;7;4,88
83,4999999999974;4,87;7;4,87
83,5499999999974;4,9;7;4,9
83,5999999999974;4,92;7;4,92
83,6499999999974;4,92;7;4,92
83,6999999999974;4,96;7;4,96
83,7499999999974;4,94;7;4,94
83,7999999999974;4,95;7;4,95
83,8499999999974;4,97;7;4,97
83,8999999999974;4,98;7;4,98
83,9499999999974;4,99;7;4,99
83,9999999999974;5;7;5
84,0499999999974;4,99;7;4,99
84,0999999999974;4,97;7;4,97
84,1499999999974;4,97;7;4,97
84,1999999999974;5;7;5
84,2499999999974;5;7;5
84,2999999999974;4,95;7;4,95
84,3499999999974;4,96;7;4,96
84,3999999999973;4,96;7;4,96
84,4499999999973;4,97;7;4,97
84,4999999999973;4,92;7;4,92
84,5499999999973;4,92;7;4,92
84,5999999999973;4,93;7;4,93
84,6499999999973;4,95;7;4,95
84,6999999999973;4,89;7;4,89
84,7499999999973;4,89;7;4,89
84,7999999999973;4,91;7;4,91
84,8499999999973;4,94;7;4,94
84,8999999999973;4,89;7;4,89
84,9499999999973;4,9;7;4,9
84,9999999999973;4,9;7;4,9
85,0499999999973;4,95;7;4,95
85,0999999999973;4,91;7;4,91
85,1499999999973;4,92;7;4,92
85,1999999999973;4,93;7;4,93
85,2499999999973;4,96;7;4,96
85,2999999999973;4,94;7;4,94
85,3499999999973;4,95;7;4,95
85,3999999999973;4,93;7;4,93
85,4499999999973;4,98;7;4,98
85,4999999999973;4,95;7;4,95
85,5499999999973;4,95;7;4,95
85,5999999999973;4,92;7;4,92
85,6499999999973;4,94;7;4,94
85,6999999999973;4,93;7;4,93
85,7499999999973;4,94;7;4,94
85,7999999999973;4,9;7;4,9
85,8499999999973;4,96;7;4,96
85,8999999999973;4,92;7;4,92
85,9499999999973;4,92;7;4,92
85,9999999999973;4,89;7;4,89
86,0499999999973;4,94;7;4,94
86,0999999999973;4,89;7;4,89
86,1499999999972;4,92;7;4,92
86,1999999999972;4,87;7;4,87
86,2499999999972;4,93;7;4,93
86,2999999999972;4,89;7;4,89
86,3499999999972;4,93;7;4,93
86,3999999999972;4,88;7;4,88
86,4499999999972;4,95;7;4,95
86,4999999999972;4,93;7;4,93
86,5499999999972;4,95;7;4,95
86,5999999999972;4,93;7;4,93
86,6499999999972;4,99;7;4,99
86,6999999999972;4,96;7;4,96
86,7499999999972;4,99;7;4,99
86,7999999999972;4,98;7;4,98
86,8499999999972;5,01;7;5,01
86,8999999999972;4,99;7;4,99
86,9499999999972;5;7;5
86,9999999999972;4,99;7;4,99
87,0499999999972;5,02;7;5,02
87,0999999999972;5;7;5
87,1499999999972;5,01;7;5,01
87,1999999999972;4,97;7;4,97
87,2499999999972;4,97;7;4,97
87,2999999999972;4,96;7;4,96
87,3499999999972;4,96;7;4,96
87,3999999999972;4,94;7;4,94
87,4499999999972;4,95;7;4,95
87,4999999999972;4,93;7;4,93
87,5499999999972;4,92;7;4,92
87,5999999999972;4,9;7;4,9
87,6499999999972;4,91;7;4,91
87,6999999999972;4,92;7;4,92
87,7499999999972;4,93;7;4,93
87,7999999999972;4,9;7;4,9
87,8499999999972;4,91;7;4,91
87,8999999999971;4,94;7;4,94
87,9499999999971;4,93;7;4,93
87,9999999999971;4,92;7;4,92
88,0499999999971;4,94;7;4,94
88,0999999999971;4,96;7;4,96
88,1499999999971;4,98;7;4,98
88,1999999999971;4,94;7;4,94
88,2499999999971;4,97;7;4,97
88,2999999999971;4,99;7;4,99
88,3499999999971;4,98;7;4,98
88,3999999999971;4,94;7;4,94
88,4499999999971;4,97;7;4,97
88,4999999999971;4,96;7;4,96
88,5499999999971;4,96;7;4,96
88,5999999999971;4,92;7;4,92
88,6499999999971;4,94;7;4,94
88,6999999999971;4,95;7;4,95
88,7499999999971;4,93;7;4,93
88,7999999999971;4,89;7;4,89
88,8499999999971;4,93;7;4,93
88,8999999999971;4,92;7;4,92
88,9499999999971;4,94;7;4,94
88,9999999999971;4,91;7;4,91
89,0499999999971;4,93;7;4,93
89,0999999999971;4,95;7;4,95
89,1499999999971;4,94;7;4,94
89,1999999999971;4,94;7;4,94
89,2499999999971;4,97;7;4,97
89,2999999999971;4,98;7;4,98
89,3499999999971;4,99;7;4,99
89,3999999999971;5;7;5
89,4499999999971;4,99;7;4,99
89,4999999999971;5,01;7;5,01
89,5499999999971;4,97;7;4,97
89,5999999999971;5,08;6;5,08
89,6499999999971;5,1;6;5,1
89,699999999997;5,03;6;5,03
89,749999999997;4,75;6;4,75
89,799999999997;4,53;6;4,53
89,849999999997;4,31;6;4,31
89,899999999997;3,74;6;3,74
89,949999999997;3,46;6;3,46
89,999999999997;3,16;6;3,16
90,049999999997;2,87;6;2,87
90,099999999997;2,31;6;2,31
90,149999999997;2,1;6;2,1
90,199999999997;1,92;6;1,92
90,249999999997;1,67;6;1,67
90,299999999997;1,54;6;1,54
90,349999999997;1,52;6;1,52
90,399999999997;1,51;6;1,51
90,449999999997;1,58;6;1,58
90,499999999997;1,64;6;1,64
90,549999999997;1,72;6;1,72
90,599999999997;1,81;6;1,81
90,649999999997;2,05;6;2,05
90,699999999997;2,17;6;2,17
90,749999999997;2,43;6;2,43
90,799999999997;2,59;6;2,59
90,849999999997;2,68;6;2,68
90,899999999997;2,81;6;2,81
90,949999999997;2,95;6;2,95
90,999999999997;3,04;6;3,04
91,049999999997;3,02;6;3,02
91,099999999997;3,05;6;3,05
91,149999999997;3,04;6;3,04
91,199999999997;2,98;6;2,98
91,249999999997;2,95;6;2,95
91,299999999997;2,81;6;2,81
91,349999999997;2,71;6;2,71
91,399999999997;2,6;6;2,6
91,4499999999969;2,55;6;2,55
91,4999999999969;2,43;6;2,43
91,5499999999969;2,28;6;2,28
91,5999999999969;2,28;6;2,28
91,6499999999969;2,22;6;2,22
91,6999999999969;2,17;6;2,17
91,7499999999969;2,17;6;2,17
91,7999999999969;2,15;6;2,15
91,8499999999969;2,17;6;2,17
91,8999999999969;2,21;6;2,21
91,9499999999969;2,28;6;2,28
91,9999999999969;2,3;6;2,3
92,0499999999969;2,37;6;2,37
92,0999999999969;2,44;6;2,44
92,1499999999969;2,48;6;2,48
92,1999999999969;2,53;6;2,53
92,2499999999969;2,63;6;2,63
92,2999999999969;2,62;6;2,62
92,3499999999969;2,68;6;2,68
92,3999999999969;2,72;6;2,72
92,4499999999969;2,75;6;2,75
92,4999999999969;2,77;6;2,77
92,5499999999969;2,73;6;2,73
92,5999999999969;2,74;6;2,74
92,6499999999969;2,71;6;2,71
92,6999999999969;2,72;6;2,72
92,7499999999969;2,69;6;2,69
92,7999999999969;2,62;6;2,62
92,8499999999969;2,6;6;2,6
92,8999999999969;2,59;6;2,59
92,9499999999969;2,55;6;2,55
92,9999999999969;2,52;6;2,52
93,0499999999969;2,47;6;2,47
93,0999999999969;2,44;6;2,44
93,1499999999969;2,43;6;2,43
93,1999999999968;2,4;6;2,4
93,2499999999968;2,39;6;2,39
93,2999999999968;2,4;6;2,4
93,3499999999968;2,38;6;2,38
93,3999999999968;2,4;6;2,4
93,4499999999968;2,44;6;2,44
93,4999999999968;2,44;6;2,44
93,5499999999968;2,46;6;2,46
93,5999999999968;2,44;6;2,44
93,6499999999968;2,54;6;2,54
93,6999999999968;2,54;6;2,54
93,7499999999968;2,57;6;2,57
93,7999999999968;2,58;6;2,58
93,8499999999968;2,61;6;2,61
93,8999999999968;2,62;6;2,62
93,9499999999968;2,6;6;2,6
93,9999999999968;2,63;6;2,63
94,0499999999968;2,62;6;2,62
94,0999999999968;2,63;6;2,63
94,1499999999968;2,6;6;2,6
94,1999999999968;2,59;6;2,59
94,2499999999968;2,58;6;2,58
94,2999999999968;2,57;6;2,57
94,3499999999968;2,52;6;2,52
94,3999999999968;2,5;6;2,5
94,4499999999968;2,51;6;2,51
94,4999999999968;2,49;6;2,49
94,5499999999968;2,46;6;2,46
94,5999999999968;2,45;6;2,45
94,6499999999968;2,45;6;2,45
94,6999999999968;2,45;6;2,45
94,7499999999968;2,42;6;2,42
94,7999999999968;2,43;6;2,43
94,8499999999968;2,45;6;2,45
94,8999999999968;2,46;6;2,46
94,9499999999967;2,46;6;2,46
94,9999999999967;2,48;6;2,48
95,0499999999967;2,48;6;2,48
95,0999999999967;2,49;6;2,49
95,1499999999967;2,51;6;2,51
95,1999999999967;2,52;6;2,52
95,2499999999967;2,54;6;2,54
95,2999999999967;2,54;6;2,54
95,3499999999967;2,5;6;2,5
95,3999999999967;2,5;6;2,5
95,4499999999967;2,54;6;2,54
95,4999999999967;2,57;6;2,57
95,5499999999967;2,56;6;2,56
95,5999999999967;2,57;6;2,57
95,6499999999967;2,54;6;2,54
95,6999999999967;2,56;6;2,56
95,7499999999967;2,54;6;2,54
95,7999999999967;2,49;6;2,49
95,8499999999967;2,5;6;2,5
95,8999999999967;2,5;6;2,5
95,9499999999967;2,52;6;2,52
95,9999999999967;2,5;6;2,5
96,0499999999967;2,44;6;2,44
96,0999999999967;2,45;6;2,45
96,1499999999967;2,46;6;2,46
96,1999999999967;2,45;6;2,45
96,2499999999967;2,46;6;2,46
96,2999999999967;2,4;6;2,4
96,3499999999967;2,42;6;2,42
96,3999999999967;2,45;6;2,45
96,4499999999967;2,42;6;2,42
96,4999999999967;2,43;6;2,43
96,5499999999967;2,39;6;2,39
96,5999999999967;2,44;6;2,44
96,6499999999967;2,45;6;2,45
96,6999999999966;2,45;6;2,45
96,7499999999966;2,47;6;2,47
96,7999999999966;2,47;6;2,47
96,8499999999966;2,48;6;2,48
96,8999999999966;2,5;6;2,5
96,9499999999966;2,49;6;2,49
96,9999999999966;2,48;6;2,48
97,0499999999966;2,51;6;2,51
97,0999999999966;2,51;6;2,51
97,1499999999966;2,52;6;2,52
97,1999999999966;2,48;6;2,48
97,2499999999966;2,49;6;2,49
97,2999999999966;2,14;7;2,14
97,3499999999966;2,44;7;2,44
97,3999999999966;2,55;7;2,55
97,4499999999966;2,74;7;2,74
97,4999999999966;2,89;7;2,89
97,5499999999966;3,39;7;3,39
97,5999999999966;3,63;7;3,63
97,6499999999966;3,94;7;3,94
97,6999999999966;4,48;7;4,48
97,7499999999966;4,73;7;4,73
97,7999999999966;5,14;7;5,14
97,8499999999966;5,3;7;5,3
97,8999999999966;5,55;7;5,55
97,9499999999966;5,62;7;5,62
97,9999999999966;5,65;7;5,65
98,0499999999966;5,69;7;5,69
98,0999999999966;5,67;7;5,67
98,1499999999966;5,63;7;5,63
98,1999999999966;5,5;7;5,5
98,2499999999966;5,43;7;5,43
98,2999999999966;5,34;7;5,34
98,3499999999966;5,22;7;5,22
98,3999999999966;5,16;7;5,16
98,4499999999966;4,97;7;4,97
98,4999999999965;4,87;7;4,87
98,5499999999965;4,72;7;4,72
98,5999999999965;4,64;7;4,64
98,6499999999965;4,61;7;4,61
98,6999999999965;4,58;7;4,58
98,7499999999965;4,55;7;4,55
98,7999999999965;4,52;7;4,52
98,8499999999965;4,54;7;4,54
98,8999999999965;4,56;7;4,56
98,9499999999965;4,64;7;4,64
98,9999999999965;4,66;7;4,66
99,0499999999965;4,78;7;4,78
99,0999999999965;4,8;7;4,8
99,1499999999965;4,88;7;4,88
99,1999999999965;4,91;7;4,91
99,2499999999965;5,02;7;5,02
99,2999999999965;5,04;7;5,04
99,3499999999965;5,1;7;5,1
99,3999999999965;5,11;7;5,11
99,4499999999965;5,16;7;5,16
99,4999999999965;5,16;7;5,16
99,5499999999965;5,16;7;5,16
99,5999999999965;5,15;7;5,15
99,6499999999965;5,13;7;5,13
99,6999999999965;5,1;7;5,1
99,7499999999965;5,08;7;5,08
99,7999999999965;5,05;7;5,05
99,8499999999965;5;7;5
99,8999999999965;4,93;7;4,93
99,9499999999965;4,9;7;4,9
99,9999999999965;4,88;7;4,88
100,049999999996;4,83;7;4,83
100,099999999996;4,85;7;4,85
100,149999999996;4,83;7;4,83
100,199999999996;4,84;7;4,84
100,249999999996;4,83;7;4,83
100,299999999996;4,84;7;4,84
100,349999999996;4,81;7;4,81
100,399999999996;4,86;7;4,86
100,449999999996;4,86;7;4,86
100,499999999996;4,9;7;4,9
100,549999999996;4,91;7;4,91
100,599999999996;4,93;7;4,93
100,649999999996;4,94;7;4,94
100,699999999996;4,95;7;4,95
100,749999999996;4,98;7;4,98
100,799999999996;4,96;7;4,96
100,849999999996;4,98;7;4,98
100,899999999996;4,97;7;4,97
100,949999999996;5,01;7;5,01
100,999999999996;4,97;7;4,97
101,049999999996;4,98;7;4,98
101,099999999996;4,95;7;4,95
101,149999999996;4,97;7;4,97
101,199999999996;4,94;7;4,94
101,249999999996;4,94;7;4,94
101,299999999996;4,92;7;4,92
101,349999999996;4,9;7;4,9
101,399999999996;4,92;7;4,92
101,449999999996;4,9;7;4,9
101,499999999996;4,92;7;4,92
101,549999999996;4,92;7;4,92
101,599999999996;4,91;7;4,91
101,649999999996;4,94;7;4,94
101,699999999996;4,94;7;4,94
101,749999999996;4,93;7;4,93
101,799999999996;4,96;7;4,96
101,849999999996;4,97;7;4,97
101,899999999996;4,95;7;4,95
101,949999999996;4,95;7;4,95
101,999999999996;4,95;7;4,95
102,049999999996;4,96;7;4,96
102,099999999996;4,95;7;4,95
102,149999999996;4,96;7;4,96
102,199999999996;4,93;7;4,93
102,249999999996;4,94;7;4,94
102,299999999996;4,93;7;4,93
102,349999999996;4,93;7;4,93
102,399999999996;4,9;7;4,9
102,449999999996;4,91;7;4,91
102,499999999996;4,9;7;4,9
102,549999999996;4,92;7;4,92
102,599999999996;4,92;7;4,92
102,649999999996;4,93;7;4,93
102,699999999996;4,96;7;4,96
102,749999999996;4,95;7;4,95
102,799999999996;4,95;7;4,95
102,849999999996;4,95;7;4,95
102,899999999996;4,95;7;4,95
102,949999999996;4,96;7;4,96
102,999999999996;4,96;7;4,96
103,049999999996;4,93;7;4,93
103,099999999996;4,94;7;4,94
103,149999999996;4,95;7;4,95
103,199999999996;4,94;7;4,94
103,249999999996;4,93;7;4,93
103,299999999996;4,95;7;4,95
103,349999999996;4,95;7;4,95
103,399999999996;4,94;7;4,94
103,449999999996;4,95;7;4,95
103,499999999996;4,94;7;4,94
103,549999999996;4,92;7;4,92
103,599999999996;4,92;7;4,92
103,649999999996;4,92;7;4,92
103,699999999996;4,92;7;4,92
103,749999999996;4,9;7;4,9
103,799999999996;4,89;7;4,89
103,849999999996;4,91;7;4,91
103,899999999996;4,89;7;4,89
103,949999999996;4,89;7;4,89
103,999999999996;4,89;7;4,89
104,049999999996;4,9;7;4,9
104,099999999996;4,9;7;4,9
104,149999999996;4,91;7;4,91
104,199999999996;4,9;7;4,9
104,249999999996;4,93;7;4,93
104,299999999996;4,92;7;4,92
104,349999999996;4,92;7;4,92
104,399999999996;4,94;7;4,94
104,449999999996;4,96;7;4,96
104,499999999996;4,98;7;4,98
104,549999999996;4,97;7;4,97
104,599999999996;4,98;7;4,98
104,649999999996;4,99;7;4,99
104,699999999996;5;7;5
104,749999999996;4,98;7;4,98
104,799999999996;4,97;7;4,97
104,849999999996;4,96;7;4,96
104,899999999996;4,96;7;4,96
104,949999999996;4,95;7;4,95
104,999999999996;4,93;7;4,93
105,049999999996;4,91;7;4,91
105,099999999996;4,89;7;4,89
105,149999999996;4,96;6;4,96
105,199999999996;4,97;6;4,97
105,249999999996;4,93;6;4,93
105,299999999996;4,8;6;4,8
105,349999999996;4,45;6;4,45
105,399999999996;4,22;6;4,22
105,449999999996;3,93;6;3,93
105,499999999996;3,38;6;3,38
105,549999999996;3,07;6;3,07
105,599999999996;2,78;6;2,78
105,649999999996;2,23;6;2,23
105,699999999996;2,04;6;2,04
105,749999999996;1,86;6;1,86
105,799999999996;1,62;6;1,62
105,849999999996;1,56;6;1,56
105,899999999996;1,51;6;1,51
105,949999999996;1,48;6;1,48
105,999999999996;1,48;6;1,48
106,049999999996;1,56;6;1,56
106,099999999996;1,63;6;1,63
106,149999999996;1,7;6;1,7
106,199999999996;1,87;6;1,87
106,249999999996;2,01;6;2,01
106,299999999996;2,14;6;2,14
106,349999999996;2,26;6;2,26
106,399999999996;2,51;6;2,51
106,449999999996;2,63;6;2,63
106,499999999996;2,74;6;2,74
106,549999999996;2,92;6;2,92
106,599999999996;2,96;6;2,96
106,649999999996;2,99;6;2,99
106,699999999996;3,01;6;3,01
106,749999999996;3,02;6;3,02
106,799999999996;2,98;6;2,98
106,849999999996;2,89;6;2,89
106,899999999996;2,82;6;2,82
106,949999999996;2,67;6;2,67
106,999999999996;2,6;6;2,6
107,049999999996;2,51;6;2,51
107,099999999996;2,46;6;2,46
107,149999999996;2,36;6;2,36
107,199999999996;2,27;6;2,27
107,249999999996;2,15;6;2,15
107,299999999996;2,14;6;2,14
107,349999999996;2,11;6;2,11
107,399999999996;2,11;6;2,11
107,449999999996;2,13;6;2,13
107,499999999996;2,1;6;2,1
107,549999999996;2,17;6;2,17
107,599999999996;2,27;6;2,27
107,649999999996;2,44;6;2,44
107,699999999996;2,46;6;2,46
107,749999999996;2,49;6;2,49
107,799999999996;2,54;6;2,54
107,849999999996;2,6;6;2,6
107,899999999996;2,6;6;2,6
107,949999999996;2,59;6;2,59
107,999999999996;2,6;6;2,6
108,049999999996;2,6;6;2,6
108,099999999996;2,54;6;2,54
108,149999999996;2,54;6;2,54
108,199999999996;2,45;6;2,45
108,249999999996;2,44;6;2,44
108,299999999996;2,39;6;2,39
108,349999999996;2,36;6;2,36
108,399999999996;2,32;6;2,32
108,449999999996;2,29;6;2,29
108,499999999996;2,3;6;2,3
108,549999999996;2,31;6;2,31
108,599999999996;2,32;6;2,32
108,649999999996;2,28;6;2,28
108,699999999996;2,33;6;2,33
108,749999999996;2,35;6;2,35
108,799999999996;2,39;6;2,39
108,849999999996;2,43;6;2,43
108,899999999996;2,43;6;2,43
108,949999999996;2,43;6;2,43
108,999999999996;2,43;6;2,43
109,049999999996;2,42;6;2,42
109,099999999996;2,42;6;2,42
109,149999999996;2,41;6;2,41
109,199999999996;2,4;6;2,4
109,249999999996;2,41;6;2,41
109,299999999996;2,39;6;2,39
109,349999999996;2,38;6;2,38
109,399999999996;2,38;6;2,38
109,449999999996;2,36;6;2,36
109,499999999996;2,35;6;2,35
109,549999999996;2,35;6;2,35
109,599999999996;2,33;6;2,33
109,649999999996;2,34;6;2,34
109,699999999996;2,34;6;2,34
109,749999999996;2,34;6;2,34
109,799999999996;2,34;6;2,34
109,849999999996;2,33;6;2,33
109,899999999996;2,35;6;2,35
109,949999999996;2,35;6;2,35
109,999999999996;2,35;6;2,35
110,049999999996;2,35;6;2,35
110,099999999996;2,35;6;2,35
110,149999999996;2,35;6;2,35
110,199999999996;2,36;6;2,36
110,249999999996;2,35;6;2,35
110,299999999996;2,38;6;2,38
110,349999999996;2,39;6;2,39
110,399999999996;2,38;6;2,38
110,449999999996;2,39;6;2,39
110,499999999996;2,4;6;2,4
110,549999999996;2,37;6;2,37
110,599999999996;2,42;6;2,42
110,649999999996;2,39;6;2,39
110,699999999996;2,39;6;2,39
110,749999999996;2,39;6;2,39
110,799999999996;2,39;6;2,39
110,849999999996;2,4;6;2,4
110,899999999996;2,41;6;2,41
110,949999999996;2,4;6;2,4
110,999999999996;2,41;6;2,41
111,049999999996;2,4;6;2,4
111,099999999996;2,4;6;2,4
111,149999999996;2,39;6;2,39
111,199999999996;2,39;6;2,39
111,249999999996;2,39;6;2,39
111,299999999996;2,39;6;2,39
111,349999999996;2,39;6;2,39
111,399999999996;2,39;6;2,39
111,449999999996;2,37;6;2,37
111,499999999996;2,37;6;2,37
111,549999999996;2,4;6;2,4
111,599999999996;2,38;6;2,38
111,649999999996;2,38;6;2,38
111,699999999996;2,38;6;2,38
111,749999999996;2,38;6;2,38
111,799999999996;2,39;6;2,39
111,849999999996;2,39;6;2,39
111,899999999996;2,4;6;2,4
111,949999999996;2,39;6;2,39
111,999999999996;2,4;6;2,4
112,049999999996;2,4;6;2,4
112,099999999996;2,4;6;2,4
112,149999999996;2,41;6;2,41
112,199999999996;2,42;6;2,42
112,249999999996;2,41;6;2,41
112,299999999996;2,42;6;2,42
112,349999999996;2,42;6;2,42
112,399999999996;2,4;6;2,4
112,449999999996;2,42;6;2,42
112,499999999996;2,43;6;2,43
112,549999999996;2,42;6;2,42
112,599999999996;2,42;6;2,42
112,649999999996;2,43;6;2,43
112,699999999996;2,43;6;2,43
112,749999999996;2,42;6;2,42
112,799999999996;2,42;6;2,42
112,849999999996;2,43;6;2,43
112,899999999996;2,43;6;2,43
112,949999999996;2,43;6;2,43
112,999999999996;2,44;6;2,44
113,049999999996;2,45;6;2,45
113,099999999996;2,44;6;2,44
113,149999999996;2,46;6;2,46
113,199999999996;2,46;6;2,46
113,249999999996;2,45;6;2,45
113,299999999996;2,46;6;2,46
113,349999999996;2,45;6;2,45
113,399999999996;2,46;6;2,46
113,449999999996;2,46;6;2,46
113,499999999996;2,45;6;2,45
113,549999999996;2,46;6;2,46
113,599999999996;2,47;6;2,47
113,649999999996;2,47;6;2,47
